table,field,description
orders,prep_hours,Horas de preparación antes del despacho
orders,order_value,Valor neto total del pedido
orders,gross_margin_value,Margen bruto monetario del pedido
shipments,sla_met,TRUE si se entregó dentro de la promesa
shipments,shipping_cost,Costo de última milla
shipments,delivery_attempts,Cantidad de intentos de entrega
incidents,incident_type,Tipo de incidente logístico
incidents,incident_cost,Costo adicional del incidente
incidents,resolution_hours,Horas de resolución
