incident_id,shipment_id,incident_type,severity,incident_cost,resolution_hours
1,16,Producto equivocado,Alta,4063.45,25.37
2,17,Producto equivocado,Media,4379.58,7.02
3,18,Demora operativa,Media,888.54,46.4
4,23,Pedido incompleto,Baja,3733.37,14.25
5,32,Pedido incompleto,Baja,3306.97,29.28
6,44,Demora operativa,Alta,900.11,113.12
7,51,Pedido incompleto,Media,3162.43,45.45
8,54,Dirección incorrecta,Media,1895.01,28.38
9,60,Producto equivocado,Baja,4740.37,46.43
10,63,Demora operativa,Media,915.46,38.09
11,65,Demora operativa,Alta,973.96,89.08
12,81,Demora operativa,Baja,744.41,10.18
13,101,Pedido incompleto,Alta,2989.12,32.87
14,104,Demora operativa,Media,777.19,7.86
15,105,Demora operativa,Baja,833.63,3.07
16,108,Pedido incompleto,Media,3108.27,27.75
17,109,Demora operativa,Baja,746.82,14.29
18,127,Demora operativa,Baja,927.24,13.01
19,152,Demora operativa,Alta,852.25,124.88
20,173,Producto equivocado,Alta,3269.09,72.66
21,179,Demora operativa,Baja,936.45,47.5
22,184,Demora operativa,Baja,1079.54,15.1
23,188,Demora operativa,Media,928.74,8.22
24,206,Paquete dañado,Media,4453.65,37.09
25,211,Pedido incompleto,Baja,2692.47,13.03
26,216,Pedido incompleto,Media,3838.15,17.46
27,230,Demora operativa,Baja,1045.28,1.56
28,237,Dirección incorrecta,Baja,1979.5,34.32
29,255,Producto equivocado,Media,3210.09,10.27
30,264,Pedido incompleto,Baja,2983.81,22.39
31,274,Demora operativa,Baja,962.19,34.56
32,287,Dirección incorrecta,Baja,1726.87,32.16
33,291,Paquete dañado,Media,4452.29,4.27
34,311,Demora operativa,Baja,814.09,20.4
35,327,Pedido incompleto,Baja,2759.81,8.88
36,337,Producto equivocado,Media,4422.33,33.65
37,357,Demora operativa,Media,1007.99,45.14
38,373,Demora operativa,Media,778.87,24.03
39,389,Pedido incompleto,Baja,3492.19,8.32
40,396,Paquete dañado,Baja,4561.33,15.77
41,398,Dirección incorrecta,Baja,2091.49,4.61
42,418,Demora operativa,Media,751.39,28.05
43,423,Pedido incompleto,Media,2695.86,11.04
44,459,Demora operativa,Baja,832.35,8.49
45,482,Demora operativa,Alta,849.17,41.87
46,485,Demora operativa,Media,938.46,84.14
47,494,Demora operativa,Baja,778.0,14.42
48,515,Producto equivocado,Alta,3479.42,50.28
49,518,Dirección incorrecta,Media,2064.11,32.07
50,558,Pedido incompleto,Media,2891.92,61.64
51,568,Demora operativa,Baja,900.42,0.78
52,579,Paquete dañado,Media,5374.65,57.87
53,604,Pedido incompleto,Baja,3724.69,13.8
54,629,Producto equivocado,Media,4675.07,4.22
55,631,Paquete dañado,Baja,3809.61,10.93
56,637,Pedido incompleto,Baja,3797.73,8.01
57,647,Demora operativa,Baja,797.05,5.39
58,659,Producto equivocado,Alta,3103.17,31.04
59,668,Paquete dañado,Alta,4722.54,19.46
60,693,Pedido incompleto,Alta,3852.65,33.56
61,699,Paquete dañado,Baja,4238.46,6.49
62,705,Demora operativa,Baja,741.89,21.26
63,711,Demora operativa,Baja,847.72,6.94
64,729,Dirección incorrecta,Media,1812.58,81.29
65,741,Demora operativa,Baja,844.75,8.12
66,756,Dirección incorrecta,Baja,2138.48,31.74
67,766,Pedido incompleto,Baja,3070.95,11.14
68,767,Pedido incompleto,Baja,3931.01,16.68
69,773,Producto equivocado,Baja,4342.78,9.74
70,798,Producto equivocado,Baja,4426.4,0.97
71,799,Dirección incorrecta,Baja,1819.69,7.73
72,809,Demora operativa,Baja,910.68,20.18
73,818,Pedido incompleto,Media,3013.73,23.99
74,845,Demora operativa,Baja,1057.95,14.09
75,864,Dirección incorrecta,Media,1460.96,0.92
76,893,Dirección incorrecta,Baja,2139.49,3.14
77,908,Pedido incompleto,Alta,3505.17,60.38
78,926,Dirección incorrecta,Media,1697.91,65.8
79,927,Demora operativa,Baja,930.07,43.59
80,938,Demora operativa,Baja,1113.48,22.12
81,942,Demora operativa,Alta,1118.37,173.05
82,947,Paquete dañado,Media,5055.19,42.32
83,954,Demora operativa,Media,860.1,16.51
84,960,Demora operativa,Media,1065.17,33.87
85,968,Producto equivocado,Media,4528.51,34.5
86,971,Demora operativa,Media,876.41,48.67
87,981,Pedido incompleto,Media,3859.9,72.77
88,987,Pedido incompleto,Baja,3571.16,18.32
89,992,Dirección incorrecta,Media,1472.87,48.29
90,994,Pedido incompleto,Baja,3669.84,18.69
91,997,Paquete dañado,Media,4413.53,24.16
92,1015,Paquete dañado,Media,4469.57,56.57
93,1026,Demora operativa,Media,1057.03,16.09
94,1034,Demora operativa,Baja,1051.7,8.8
95,1036,Pedido incompleto,Alta,2808.85,17.59
96,1040,Paquete dañado,Media,4336.48,26.02
97,1046,Demora operativa,Alta,856.02,42.03
98,1056,Demora operativa,Baja,1106.68,18.93
99,1065,Pedido incompleto,Media,3185.0,8.61
100,1069,Pedido incompleto,Media,3258.7,34.86
101,1079,Demora operativa,Alta,858.27,38.58
102,1084,Demora operativa,Baja,1040.87,29.37
103,1094,Demora operativa,Media,747.42,62.23
104,1102,Pedido incompleto,Alta,3412.69,62.21
105,1136,Demora operativa,Baja,948.36,17.61
106,1164,Demora operativa,Baja,1112.27,11.88
107,1176,Demora operativa,Media,768.06,7.54
108,1187,Paquete dañado,Baja,4938.91,23.62
109,1248,Demora operativa,Baja,736.97,8.61
110,1252,Demora operativa,Baja,855.52,31.03
111,1258,Producto equivocado,Media,4637.98,6.79
112,1259,Dirección incorrecta,Baja,2075.42,12.63
113,1290,Demora operativa,Baja,903.63,29.22
114,1294,Producto equivocado,Media,3747.02,47.01
115,1304,Demora operativa,Media,1002.73,16.42
116,1312,Paquete dañado,Baja,4520.6,17.91
117,1334,Demora operativa,Media,742.7,15.45
118,1338,Paquete dañado,Baja,3747.66,11.36
119,1346,Pedido incompleto,Media,3512.21,63.41
120,1364,Demora operativa,Baja,865.59,32.08
121,1378,Demora operativa,Media,850.93,26.1
122,1391,Pedido incompleto,Media,3631.18,17.33
123,1399,Demora operativa,Media,732.11,13.02
124,1400,Pedido incompleto,Baja,2928.86,3.82
125,1417,Pedido incompleto,Media,3493.37,0.54
126,1424,Paquete dañado,Media,5160.5,44.55
127,1435,Producto equivocado,Baja,3135.12,18.16
128,1448,Demora operativa,Media,967.01,5.77
129,1478,Paquete dañado,Media,3663.64,14.51
130,1482,Dirección incorrecta,Baja,1794.98,4.1
131,1488,Pedido incompleto,Baja,3179.27,8.71
132,1500,Demora operativa,Baja,1020.31,7.94
133,1506,Dirección incorrecta,Baja,2164.74,12.76
134,1511,Paquete dañado,Baja,4028.6,21.22
135,1515,Producto equivocado,Baja,4094.3,12.26
136,1516,Demora operativa,Media,1043.07,52.41
137,1534,Pedido incompleto,Baja,3793.51,17.0
138,1536,Demora operativa,Media,972.54,7.57
139,1538,Paquete dañado,Media,5127.27,43.6
140,1540,Paquete dañado,Media,4897.15,11.97
141,1543,Paquete dañado,Media,3749.76,67.71
142,1556,Demora operativa,Alta,857.31,106.77
143,1559,Demora operativa,Baja,929.5,61.91
144,1583,Demora operativa,Baja,935.76,3.36
145,1587,Dirección incorrecta,Media,2173.98,51.36
146,1594,Demora operativa,Baja,888.85,19.64
147,1604,Dirección incorrecta,Media,2199.18,26.34
148,1628,Demora operativa,Alta,1081.95,80.46
149,1629,Dirección incorrecta,Baja,1527.23,19.19
150,1652,Pedido incompleto,Baja,3484.74,6.15
151,1658,Pedido incompleto,Media,3169.34,61.54
152,1660,Paquete dañado,Baja,4500.76,25.03
153,1661,Producto equivocado,Media,4288.92,22.97
154,1663,Demora operativa,Media,788.96,20.36
155,1665,Demora operativa,Baja,852.91,3.46
156,1674,Demora operativa,Baja,1051.47,0.51
157,1707,Paquete dañado,Baja,4875.98,15.91
158,1725,Pedido incompleto,Baja,3437.78,31.5
159,1731,Demora operativa,Alta,762.57,92.78
160,1732,Pedido incompleto,Baja,3948.87,6.39
161,1742,Dirección incorrecta,Media,2097.97,5.29
162,1748,Paquete dañado,Media,4823.75,9.64
163,1749,Demora operativa,Baja,872.07,12.17
164,1773,Producto equivocado,Baja,4638.96,12.42
165,1776,Demora operativa,Baja,1082.43,13.88
166,1800,Demora operativa,Alta,919.89,5.09
167,1802,Producto equivocado,Baja,3881.74,13.23
168,1810,Producto equivocado,Baja,3883.34,36.21
169,1815,Pedido incompleto,Media,2617.05,13.37
170,1819,Demora operativa,Baja,1005.57,57.72
171,1821,Dirección incorrecta,Media,2175.86,35.39
172,1846,Producto equivocado,Media,4349.04,26.18
173,1869,Pedido incompleto,Baja,3425.62,26.88
174,1878,Producto equivocado,Baja,4717.9,17.21
175,1879,Producto equivocado,Media,3571.67,45.51
176,1880,Demora operativa,Media,802.77,32.92
177,1884,Demora operativa,Media,908.49,14.42
178,1887,Demora operativa,Media,768.31,73.81
179,1898,Paquete dañado,Media,3837.22,38.51
180,1900,Demora operativa,Media,789.92,11.43
181,1903,Demora operativa,Media,981.44,50.56
182,1904,Demora operativa,Baja,959.12,17.24
183,1906,Demora operativa,Baja,869.92,10.72
184,1910,Demora operativa,Baja,911.22,6.88
185,1912,Demora operativa,Alta,994.91,52.92
186,1923,Paquete dañado,Media,4766.58,29.77
187,1925,Demora operativa,Media,1081.39,14.4
188,1930,Demora operativa,Media,776.5,86.2
189,1941,Producto equivocado,Baja,3625.94,7.17
190,1943,Demora operativa,Alta,780.87,50.98
191,1961,Demora operativa,Baja,943.93,20.87
192,1987,Paquete dañado,Alta,3712.33,36.78
193,2024,Pedido incompleto,Media,2769.41,64.04
194,2035,Producto equivocado,Media,3309.69,27.21
195,2045,Demora operativa,Media,1058.91,42.47
196,2049,Demora operativa,Baja,932.73,6.06
197,2057,Pedido incompleto,Baja,3644.22,6.87
198,2061,Pedido incompleto,Media,3899.01,59.45
199,2084,Pedido incompleto,Alta,3235.51,37.02
200,2091,Demora operativa,Alta,862.61,4.85
201,2139,Demora operativa,Media,891.65,24.79
202,2157,Demora operativa,Baja,859.92,14.93
203,2168,Paquete dañado,Baja,5323.36,2.25
204,2172,Demora operativa,Baja,1022.78,3.75
205,2190,Paquete dañado,Alta,4605.31,29.73
206,2203,Demora operativa,Media,837.02,24.99
207,2208,Demora operativa,Baja,850.51,15.79
208,2248,Paquete dañado,Baja,3725.96,7.34
209,2251,Pedido incompleto,Media,3937.96,35.68
210,2253,Producto equivocado,Baja,4252.93,29.52
211,2289,Demora operativa,Media,1052.1,18.36
212,2290,Demora operativa,Baja,1114.77,20.54
213,2308,Dirección incorrecta,Baja,2003.24,11.85
214,2327,Demora operativa,Media,1026.79,45.92
215,2335,Producto equivocado,Baja,3381.2,4.88
216,2340,Producto equivocado,Media,3462.28,18.61
217,2379,Paquete dañado,Alta,5624.77,80.68
218,2403,Paquete dañado,Baja,4116.78,2.81
219,2404,Demora operativa,Baja,1108.67,8.99
220,2410,Pedido incompleto,Baja,3971.37,13.57
221,2419,Producto equivocado,Baja,3821.22,20.57
222,2424,Demora operativa,Media,730.96,30.11
223,2437,Dirección incorrecta,Baja,2140.32,16.44
224,2489,Demora operativa,Alta,1059.03,73.95
225,2496,Producto equivocado,Baja,4073.08,22.05
226,2499,Demora operativa,Baja,740.0,25.7
227,2507,Demora operativa,Baja,782.69,14.43
228,2516,Producto equivocado,Baja,3389.19,3.74
229,2517,Demora operativa,Baja,966.17,4.42
230,2518,Dirección incorrecta,Media,2104.82,8.96
231,2523,Dirección incorrecta,Alta,1711.54,50.6
232,2530,Demora operativa,Baja,1082.56,11.89
233,2534,Paquete dañado,Baja,4915.71,13.02
234,2550,Pedido incompleto,Media,3574.7,30.41
235,2557,Pedido incompleto,Baja,2801.5,28.81
236,2563,Producto equivocado,Baja,4620.34,34.86
237,2569,Pedido incompleto,Media,2971.35,24.28
238,2570,Pedido incompleto,Media,3239.42,51.27
239,2579,Demora operativa,Media,938.36,9.57
240,2588,Dirección incorrecta,Baja,2189.94,19.82
241,2598,Demora operativa,Baja,793.8,49.56
242,2602,Demora operativa,Media,908.41,61.29
243,2605,Producto equivocado,Media,3219.24,38.16
244,2609,Demora operativa,Media,1103.88,15.55
245,2617,Producto equivocado,Baja,3454.83,28.98
246,2618,Producto equivocado,Baja,3260.48,11.59
247,2639,Demora operativa,Baja,838.14,20.87
248,2674,Demora operativa,Alta,979.86,32.56
249,2680,Demora operativa,Media,857.61,35.95
250,2687,Pedido incompleto,Media,2797.09,108.77
251,2688,Paquete dañado,Baja,4706.2,1.52
252,2693,Demora operativa,Media,1123.89,2.36
253,2703,Producto equivocado,Baja,4667.91,36.76
254,2704,Producto equivocado,Media,3370.08,9.77
255,2712,Demora operativa,Media,929.81,8.83
256,2722,Producto equivocado,Baja,3256.05,33.98
257,2723,Demora operativa,Baja,1034.74,14.25
258,2732,Paquete dañado,Media,4877.01,37.67
259,2744,Demora operativa,Baja,907.03,1.81
260,2768,Producto equivocado,Baja,3908.01,37.21
261,2789,Pedido incompleto,Media,2848.66,6.78
262,2806,Dirección incorrecta,Baja,2060.6,11.68
263,2816,Demora operativa,Baja,1027.75,1.7
264,2825,Demora operativa,Baja,1073.23,25.88
265,2875,Demora operativa,Media,859.42,37.38
266,2885,Paquete dañado,Baja,3932.26,14.91
267,2891,Producto equivocado,Media,4530.11,19.41
268,2896,Pedido incompleto,Alta,3473.39,92.82
269,2905,Paquete dañado,Baja,5188.58,1.44
270,2915,Demora operativa,Media,764.27,50.12
271,2917,Pedido incompleto,Baja,3303.5,14.33
272,2939,Producto equivocado,Baja,4671.78,8.84
273,2952,Producto equivocado,Baja,4108.89,37.25
274,2980,Paquete dañado,Media,5499.18,65.71
275,2991,Demora operativa,Media,1029.44,37.07
276,3009,Producto equivocado,Media,3240.12,26.47
277,3011,Producto equivocado,Alta,3807.78,65.34
278,3012,Demora operativa,Baja,843.11,3.89
279,3038,Paquete dañado,Media,4216.97,47.8
280,3040,Demora operativa,Media,722.88,44.62
281,3047,Dirección incorrecta,Alta,1886.38,57.81
282,3051,Dirección incorrecta,Media,1876.37,32.16
283,3083,Paquete dañado,Media,4918.11,40.67
284,3088,Dirección incorrecta,Media,1581.13,41.79
285,3093,Pedido incompleto,Media,3940.78,67.68
286,3131,Demora operativa,Media,899.99,21.03
287,3173,Pedido incompleto,Media,3035.23,31.99
288,3175,Demora operativa,Media,902.59,20.66
289,3181,Demora operativa,Baja,1030.67,9.94
290,3185,Producto equivocado,Baja,3529.39,10.49
291,3187,Demora operativa,Baja,860.98,19.32
292,3191,Demora operativa,Baja,799.36,6.71
293,3214,Pedido incompleto,Baja,3823.96,0.99
294,3229,Dirección incorrecta,Media,1953.27,13.86
295,3232,Paquete dañado,Baja,5491.27,22.33
296,3233,Demora operativa,Baja,758.49,3.21
297,3241,Demora operativa,Alta,842.07,24.57
298,3248,Dirección incorrecta,Baja,1692.03,5.27
299,3249,Pedido incompleto,Baja,3003.9,25.35
300,3251,Dirección incorrecta,Baja,1923.59,24.89
301,3273,Demora operativa,Baja,1081.93,21.85
302,3292,Pedido incompleto,Baja,3377.68,27.69
303,3297,Paquete dañado,Media,5522.54,15.3
304,3299,Paquete dañado,Media,4955.56,29.44
305,3305,Pedido incompleto,Baja,3015.49,28.53
306,3307,Demora operativa,Baja,864.51,33.64
307,3323,Dirección incorrecta,Media,2037.62,31.62
308,3330,Demora operativa,Media,799.69,63.5
309,3357,Paquete dañado,Media,4188.41,51.38
310,3382,Pedido incompleto,Baja,2650.57,8.17
311,3387,Paquete dañado,Baja,4114.62,10.13
312,3389,Producto equivocado,Baja,3622.84,21.06
313,3390,Paquete dañado,Media,4859.15,34.24
314,3398,Producto equivocado,Alta,4615.95,24.12
315,3411,Producto equivocado,Baja,3829.62,16.48
316,3414,Demora operativa,Media,785.38,37.45
317,3422,Pedido incompleto,Baja,3184.5,24.71
318,3434,Demora operativa,Media,945.78,84.75
319,3444,Demora operativa,Baja,769.58,31.96
320,3449,Dirección incorrecta,Baja,2072.55,13.56
321,3456,Demora operativa,Baja,1001.1,16.76
322,3463,Demora operativa,Alta,795.09,74.07
323,3497,Pedido incompleto,Baja,2907.83,0.89
324,3500,Producto equivocado,Media,4411.57,33.08
325,3503,Demora operativa,Media,723.58,31.07
326,3504,Demora operativa,Media,892.59,50.2
327,3517,Demora operativa,Baja,865.78,8.66
328,3531,Paquete dañado,Baja,3824.32,34.7
329,3533,Dirección incorrecta,Baja,2094.19,27.53
330,3544,Dirección incorrecta,Media,2044.44,100.74
331,3550,Paquete dañado,Alta,5211.39,36.94
332,3561,Producto equivocado,Baja,3754.24,4.95
333,3593,Dirección incorrecta,Baja,1819.76,48.66
334,3644,Demora operativa,Media,858.32,19.38
335,3647,Demora operativa,Baja,1105.41,23.79
336,3662,Demora operativa,Alta,875.93,16.92
337,3679,Pedido incompleto,Media,2692.25,27.24
338,3683,Demora operativa,Baja,914.81,19.73
339,3686,Demora operativa,Alta,949.04,36.62
340,3693,Pedido incompleto,Media,2899.72,78.92
341,3714,Demora operativa,Baja,927.26,6.74
342,3718,Demora operativa,Media,1054.05,35.6
343,3734,Paquete dañado,Media,4977.9,17.32
344,3736,Producto equivocado,Alta,3678.17,65.55
345,3742,Demora operativa,Media,724.5,79.24
346,3760,Demora operativa,Baja,921.68,55.39
347,3774,Demora operativa,Baja,856.63,23.04
348,3787,Demora operativa,Media,924.29,7.62
349,3791,Demora operativa,Media,792.91,5.09
350,3797,Pedido incompleto,Baja,2844.42,4.15
351,3810,Pedido incompleto,Media,2657.96,27.29
352,3821,Demora operativa,Media,760.21,28.86
353,3840,Pedido incompleto,Baja,3261.21,8.56
354,3846,Paquete dañado,Media,4747.33,13.15
355,3868,Demora operativa,Media,1104.73,76.59
356,3874,Demora operativa,Alta,1011.11,103.97
357,3900,Demora operativa,Alta,978.63,34.89
358,3920,Demora operativa,Baja,1006.84,20.03
359,3922,Dirección incorrecta,Baja,2032.09,31.96
360,3926,Producto equivocado,Baja,3836.19,26.25
361,3939,Demora operativa,Baja,844.28,16.2
362,3949,Demora operativa,Baja,887.55,20.06
363,3953,Demora operativa,Baja,819.92,20.48
364,3959,Paquete dañado,Baja,5328.22,48.6
365,3963,Pedido incompleto,Baja,3672.28,50.12
366,3969,Demora operativa,Baja,933.08,10.15
367,3987,Dirección incorrecta,Baja,1941.85,10.09
368,3994,Demora operativa,Media,722.89,15.36
369,4000,Dirección incorrecta,Media,1983.57,92.5
370,4005,Demora operativa,Baja,736.65,4.98
371,4011,Paquete dañado,Media,5477.97,34.12
372,4012,Paquete dañado,Baja,4157.48,20.26
373,4018,Pedido incompleto,Media,3217.61,32.67
374,4023,Producto equivocado,Baja,3687.4,28.4
375,4040,Dirección incorrecta,Baja,1726.27,54.49
376,4042,Demora operativa,Baja,799.06,8.2
377,4055,Producto equivocado,Baja,3847.5,12.38
378,4067,Paquete dañado,Baja,3967.11,41.7
379,4070,Demora operativa,Baja,1031.62,3.79
380,4076,Producto equivocado,Baja,3635.96,17.63
381,4081,Demora operativa,Alta,833.83,22.46
382,4096,Paquete dañado,Alta,4802.02,43.12
383,4102,Paquete dañado,Media,5382.52,44.21
384,4132,Producto equivocado,Baja,3573.96,23.72
385,4150,Paquete dañado,Baja,3850.87,29.45
386,4159,Pedido incompleto,Media,2694.11,15.65
387,4163,Dirección incorrecta,Media,2075.38,43.86
388,4168,Demora operativa,Media,907.56,21.36
389,4176,Dirección incorrecta,Media,1451.1,93.25
390,4183,Demora operativa,Media,799.59,30.57
391,4204,Pedido incompleto,Media,3269.14,25.99
392,4205,Paquete dañado,Media,5417.43,6.73
393,4212,Demora operativa,Media,931.6,45.53
394,4214,Demora operativa,Baja,1102.86,56.92
395,4220,Demora operativa,Baja,845.07,20.55
396,4241,Pedido incompleto,Media,3341.08,88.55
397,4253,Pedido incompleto,Media,3066.83,64.28
398,4254,Paquete dañado,Media,3833.29,50.68
399,4255,Pedido incompleto,Baja,3355.41,39.77
400,4311,Demora operativa,Baja,962.17,19.04
401,4329,Demora operativa,Media,1030.86,27.36
402,4368,Demora operativa,Baja,753.64,9.66
403,4379,Paquete dañado,Media,4283.6,19.63
404,4380,Dirección incorrecta,Media,1928.6,57.71
405,4410,Pedido incompleto,Baja,3161.23,12.36
406,4412,Demora operativa,Media,844.87,46.64
407,4413,Demora operativa,Media,928.1,6.28
408,4416,Pedido incompleto,Media,2817.18,37.39
409,4436,Dirección incorrecta,Baja,2087.56,7.12
410,4439,Demora operativa,Baja,974.2,39.08
411,4449,Paquete dañado,Alta,4381.57,69.77
412,4453,Pedido incompleto,Media,3454.67,123.46
413,4458,Demora operativa,Media,746.35,26.3
414,4484,Demora operativa,Baja,883.95,24.04
415,4485,Demora operativa,Media,756.68,26.5
416,4491,Paquete dañado,Baja,5595.2,17.18
417,4495,Paquete dañado,Baja,4032.75,21.65
418,4499,Demora operativa,Media,844.55,19.94
419,4509,Demora operativa,Baja,722.91,4.29
420,4522,Pedido incompleto,Media,3617.14,7.58
421,4562,Producto equivocado,Media,3576.84,7.58
422,4567,Demora operativa,Media,1070.05,19.9
423,4577,Paquete dañado,Media,4600.61,5.61
424,4579,Producto equivocado,Media,3682.29,74.22
425,4582,Pedido incompleto,Media,3528.56,68.69
426,4597,Pedido incompleto,Baja,3721.89,9.69
427,4599,Demora operativa,Baja,1061.6,13.01
428,4650,Pedido incompleto,Media,3167.06,40.14
429,4662,Pedido incompleto,Baja,2800.35,73.23
430,4663,Demora operativa,Baja,788.16,5.69
431,4670,Pedido incompleto,Media,2686.43,48.78
432,4691,Demora operativa,Media,1064.41,50.65
433,4693,Producto equivocado,Media,3125.58,28.44
434,4694,Demora operativa,Baja,988.05,26.93
435,4697,Demora operativa,Media,949.18,87.2
436,4701,Demora operativa,Baja,1022.33,3.21
437,4738,Demora operativa,Media,955.24,66.24
438,4741,Producto equivocado,Media,3379.3,33.99
439,4761,Pedido incompleto,Media,3960.7,29.07
440,4773,Demora operativa,Baja,789.38,12.41
441,4778,Producto equivocado,Alta,3718.29,38.89
442,4800,Dirección incorrecta,Media,1532.28,36.32
443,4832,Dirección incorrecta,Media,1556.07,19.2
444,4849,Pedido incompleto,Baja,3266.99,20.45
445,4854,Producto equivocado,Media,4469.19,64.37
446,4858,Paquete dañado,Media,3741.47,18.79
447,4867,Pedido incompleto,Baja,2901.9,8.37
448,4880,Demora operativa,Alta,939.31,85.32
449,4899,Paquete dañado,Media,3807.43,29.35
450,4919,Producto equivocado,Baja,4510.59,21.31
451,4945,Pedido incompleto,Media,3974.88,16.8
452,4946,Demora operativa,Baja,846.02,10.09
453,4984,Paquete dañado,Baja,3671.26,9.56
454,5003,Demora operativa,Media,932.29,16.06
455,5021,Demora operativa,Baja,989.17,10.84
456,5029,Demora operativa,Media,752.25,40.02
457,5050,Pedido incompleto,Media,3134.33,13.93
458,5063,Dirección incorrecta,Baja,2126.01,19.14
459,5064,Demora operativa,Baja,1070.44,8.63
460,5077,Producto equivocado,Baja,3768.58,28.49
461,5081,Demora operativa,Media,736.54,55.33
462,5139,Demora operativa,Alta,840.91,50.79
463,5155,Demora operativa,Media,972.41,30.45
464,5175,Pedido incompleto,Media,3067.06,30.73
465,5181,Paquete dañado,Media,5115.93,22.41
466,5184,Demora operativa,Media,1020.29,45.07
467,5187,Paquete dañado,Media,4261.8,22.44
468,5188,Demora operativa,Media,817.47,91.91
469,5200,Demora operativa,Baja,1117.89,4.69
470,5202,Demora operativa,Baja,1012.78,13.58
471,5203,Pedido incompleto,Media,3920.88,29.53
472,5222,Pedido incompleto,Baja,3886.3,31.66
473,5229,Demora operativa,Baja,796.59,6.48
474,5231,Pedido incompleto,Baja,3330.46,21.05
475,5245,Demora operativa,Media,909.5,28.6
476,5246,Producto equivocado,Media,4638.43,77.96
477,5250,Demora operativa,Media,791.16,11.26
478,5258,Demora operativa,Baja,750.11,23.77
479,5265,Paquete dañado,Baja,4889.73,20.59
480,5275,Paquete dañado,Media,4992.27,32.48
481,5302,Demora operativa,Media,781.64,10.78
482,5303,Producto equivocado,Media,3611.82,34.74
483,5305,Pedido incompleto,Baja,3618.91,9.8
484,5308,Dirección incorrecta,Baja,1501.41,22.45
485,5329,Pedido incompleto,Baja,3591.32,18.72
486,5332,Pedido incompleto,Baja,3087.94,10.61
487,5358,Paquete dañado,Baja,5514.48,37.42
488,5359,Dirección incorrecta,Media,1929.38,37.43
489,5367,Demora operativa,Alta,860.85,93.13
490,5386,Producto equivocado,Media,3997.14,78.06
491,5391,Pedido incompleto,Baja,3561.63,3.5
492,5403,Demora operativa,Media,1081.85,19.81
493,5404,Demora operativa,Baja,816.89,32.73
494,5427,Demora operativa,Media,909.33,58.68
495,5436,Paquete dañado,Alta,3699.87,54.47
496,5450,Producto equivocado,Baja,4003.84,33.02
497,5456,Dirección incorrecta,Baja,1995.49,9.79
498,5472,Demora operativa,Alta,898.36,30.26
499,5477,Demora operativa,Baja,851.3,5.0
500,5481,Demora operativa,Baja,910.19,7.9
501,5500,Producto equivocado,Media,3341.81,48.73
502,5503,Pedido incompleto,Media,2950.79,22.05
503,5511,Paquete dañado,Baja,4486.96,17.28
504,5526,Dirección incorrecta,Baja,1641.14,2.11
505,5530,Pedido incompleto,Alta,2724.89,39.31
506,5560,Dirección incorrecta,Media,1658.28,6.25
507,5576,Demora operativa,Baja,770.01,12.89
508,5582,Pedido incompleto,Media,3578.48,46.01
509,5583,Paquete dañado,Media,3650.73,13.42
510,5589,Demora operativa,Baja,884.53,20.72
511,5590,Pedido incompleto,Media,3482.5,43.37
512,5595,Dirección incorrecta,Baja,1854.91,0.93
513,5610,Demora operativa,Baja,837.29,14.53
514,5618,Pedido incompleto,Media,3173.94,38.86
515,5632,Demora operativa,Media,753.15,63.94
516,5642,Dirección incorrecta,Media,1958.98,26.01
517,5644,Pedido incompleto,Media,2861.91,49.8
518,5645,Demora operativa,Baja,792.92,16.4
519,5659,Pedido incompleto,Baja,3113.44,6.88
520,5666,Demora operativa,Media,856.09,8.79
521,5682,Pedido incompleto,Baja,2778.46,29.67
522,5711,Demora operativa,Media,1124.04,8.66
523,5721,Producto equivocado,Baja,3632.81,48.54
524,5724,Paquete dañado,Media,4783.81,22.03
525,5728,Producto equivocado,Media,3170.71,38.91
526,5732,Producto equivocado,Media,3924.24,54.22
527,5737,Producto equivocado,Media,4271.5,31.28
528,5764,Demora operativa,Baja,978.09,19.79
529,5765,Pedido incompleto,Baja,3486.96,36.43
530,5768,Pedido incompleto,Media,3614.36,32.16
531,5771,Demora operativa,Media,1072.44,15.99
532,5781,Demora operativa,Baja,790.94,5.04
533,5783,Pedido incompleto,Baja,3977.23,10.09
534,5784,Dirección incorrecta,Alta,1680.12,18.71
535,5797,Demora operativa,Baja,1011.39,15.1
536,5805,Demora operativa,Media,1042.33,18.52
537,5814,Demora operativa,Baja,896.25,13.68
538,5827,Pedido incompleto,Baja,3336.07,11.25
539,5845,Demora operativa,Baja,1097.08,23.3
540,5857,Pedido incompleto,Baja,3970.94,10.94
541,5867,Demora operativa,Baja,1085.9,10.57
542,5881,Demora operativa,Media,811.24,34.98
543,5895,Pedido incompleto,Alta,2688.93,79.33
544,5904,Dirección incorrecta,Media,1829.96,30.84
545,5926,Demora operativa,Baja,963.76,21.58
546,5929,Demora operativa,Media,737.18,51.86
547,5930,Paquete dañado,Media,5298.06,25.51
548,5944,Demora operativa,Baja,859.46,5.54
549,5965,Demora operativa,Media,749.1,33.6
550,5994,Dirección incorrecta,Baja,2141.89,19.65
551,5995,Demora operativa,Baja,949.01,16.48
552,6022,Demora operativa,Media,1101.0,6.46
553,6023,Demora operativa,Baja,788.98,11.66
554,6028,Pedido incompleto,Media,3702.75,17.82
555,6030,Dirección incorrecta,Media,1683.88,33.18
556,6064,Demora operativa,Baja,1004.36,2.75
557,6073,Dirección incorrecta,Baja,2056.22,7.79
558,6088,Pedido incompleto,Baja,3178.42,8.46
559,6090,Dirección incorrecta,Baja,2036.59,7.27
560,6100,Pedido incompleto,Media,3156.29,52.11
561,6118,Paquete dañado,Alta,4192.93,81.0
562,6134,Producto equivocado,Baja,4489.21,5.53
563,6148,Demora operativa,Media,892.19,23.8
564,6172,Demora operativa,Media,1064.44,35.39
565,6181,Demora operativa,Media,747.98,57.56
566,6192,Demora operativa,Media,1022.76,43.79
567,6195,Demora operativa,Media,937.87,67.63
568,6205,Dirección incorrecta,Baja,1970.0,35.64
569,6210,Pedido incompleto,Alta,2704.15,37.08
570,6211,Demora operativa,Alta,860.8,59.58
571,6212,Demora operativa,Baja,925.17,15.14
572,6229,Demora operativa,Media,727.27,87.71
573,6234,Demora operativa,Baja,1091.29,26.03
574,6236,Producto equivocado,Alta,4491.48,151.71
575,6253,Demora operativa,Alta,756.11,63.33
576,6254,Pedido incompleto,Baja,3749.47,18.99
577,6277,Pedido incompleto,Media,2907.3,5.91
578,6287,Producto equivocado,Media,3219.28,66.3
579,6299,Producto equivocado,Baja,3258.73,3.07
580,6309,Demora operativa,Baja,1103.12,14.36
581,6310,Demora operativa,Media,739.35,36.83
582,6317,Demora operativa,Media,824.25,28.88
583,6321,Paquete dañado,Baja,5409.78,27.37
584,6325,Demora operativa,Baja,1011.51,9.7
585,6334,Demora operativa,Baja,1063.45,2.3
586,6338,Demora operativa,Baja,736.87,1.45
587,6346,Demora operativa,Baja,844.52,23.2
588,6352,Producto equivocado,Baja,4679.79,18.94
589,6353,Producto equivocado,Baja,4142.24,22.2
590,6375,Paquete dañado,Baja,3971.94,13.39
591,6385,Pedido incompleto,Baja,2820.98,22.73
592,6422,Demora operativa,Baja,910.87,14.09
593,6423,Paquete dañado,Baja,3956.26,11.97
594,6425,Demora operativa,Media,742.85,25.51
595,6431,Pedido incompleto,Alta,3839.58,38.89
596,6437,Pedido incompleto,Alta,3795.66,52.33
597,6438,Pedido incompleto,Baja,2971.56,12.05
598,6440,Demora operativa,Baja,934.59,3.38
599,6446,Demora operativa,Media,1042.35,39.3
600,6488,Demora operativa,Media,982.31,60.3
601,6489,Paquete dañado,Media,5170.42,31.89
602,6504,Demora operativa,Baja,1027.66,14.14
603,6537,Paquete dañado,Alta,4511.29,74.67
604,6550,Demora operativa,Media,937.13,6.68
605,6567,Pedido incompleto,Media,3529.28,157.38
606,6569,Demora operativa,Media,832.85,8.01
607,6614,Paquete dañado,Baja,4742.15,20.14
608,6615,Demora operativa,Media,1073.0,16.26
609,6626,Demora operativa,Baja,896.6,13.1
610,6631,Dirección incorrecta,Media,1654.0,40.88
611,6679,Demora operativa,Baja,810.78,5.12
612,6681,Demora operativa,Media,986.77,65.35
613,6690,Paquete dañado,Baja,4217.45,22.14
614,6699,Producto equivocado,Media,3902.26,35.79
615,6705,Demora operativa,Baja,980.11,21.58
616,6716,Demora operativa,Baja,840.67,10.12
617,6717,Demora operativa,Baja,832.6,15.4
618,6747,Dirección incorrecta,Media,2233.28,21.4
619,6775,Producto equivocado,Baja,3746.39,11.04
620,6791,Demora operativa,Baja,840.97,8.74
621,6792,Pedido incompleto,Media,3562.5,42.16
622,6820,Paquete dañado,Baja,3955.28,1.56
623,6826,Paquete dañado,Baja,4582.2,22.67
624,6837,Pedido incompleto,Baja,3200.4,13.69
625,6853,Paquete dañado,Media,4205.55,1.84
626,6863,Demora operativa,Media,780.57,38.21
627,6866,Demora operativa,Baja,1069.67,13.17
628,6875,Demora operativa,Media,762.97,20.49
629,6890,Demora operativa,Media,869.05,31.85
630,6907,Paquete dañado,Baja,5352.91,16.41
631,6914,Dirección incorrecta,Alta,2146.81,30.77
632,6923,Dirección incorrecta,Media,1770.22,25.62
633,6926,Demora operativa,Media,827.73,83.78
634,6927,Pedido incompleto,Baja,3531.96,37.18
635,6937,Demora operativa,Baja,909.77,21.85
636,6967,Demora operativa,Media,969.59,12.38
637,6971,Paquete dañado,Media,3942.43,16.21
638,6986,Pedido incompleto,Media,3812.8,31.33
639,6995,Demora operativa,Baja,1024.1,18.54
640,7025,Dirección incorrecta,Media,1544.7,56.49
641,7058,Demora operativa,Media,1071.57,5.28
642,7070,Pedido incompleto,Baja,3455.74,12.93
643,7077,Demora operativa,Baja,782.48,15.92
644,7081,Pedido incompleto,Media,3378.97,4.94
645,7097,Pedido incompleto,Baja,2589.24,8.82
646,7113,Pedido incompleto,Baja,2706.34,59.44
647,7123,Paquete dañado,Baja,4865.87,26.38
648,7148,Pedido incompleto,Media,2965.53,16.55
649,7154,Producto equivocado,Media,3623.5,18.63
650,7159,Pedido incompleto,Media,3818.66,20.7
651,7184,Demora operativa,Baja,1045.39,5.69
652,7189,Producto equivocado,Baja,3135.2,9.33
653,7201,Paquete dañado,Baja,5624.0,23.93
654,7212,Demora operativa,Baja,944.14,7.49
655,7219,Dirección incorrecta,Baja,2215.86,16.56
656,7241,Demora operativa,Baja,1059.55,2.08
657,7262,Paquete dañado,Baja,4413.61,39.85
658,7270,Demora operativa,Media,722.11,34.54
659,7288,Demora operativa,Baja,785.79,2.88
660,7299,Pedido incompleto,Media,3674.43,8.65
661,7300,Pedido incompleto,Baja,3973.33,30.93
662,7310,Pedido incompleto,Baja,3190.89,16.44
663,7311,Dirección incorrecta,Baja,2000.17,22.19
664,7312,Demora operativa,Baja,876.28,15.36
665,7315,Dirección incorrecta,Media,2098.81,14.06
666,7340,Pedido incompleto,Baja,3993.2,8.87
667,7370,Paquete dañado,Media,5338.13,15.43
668,7371,Dirección incorrecta,Baja,1622.08,30.04
669,7382,Demora operativa,Baja,1099.8,9.91
670,7399,Demora operativa,Media,918.91,5.67
671,7402,Demora operativa,Baja,903.27,8.1
672,7407,Paquete dañado,Baja,4708.87,6.38
673,7423,Paquete dañado,Alta,4997.74,29.31
674,7456,Paquete dañado,Media,3811.54,35.58
675,7470,Demora operativa,Media,778.12,18.64
676,7502,Paquete dañado,Baja,3932.21,69.31
677,7511,Pedido incompleto,Baja,2793.81,16.75
678,7516,Demora operativa,Baja,1077.19,9.72
679,7528,Dirección incorrecta,Baja,2036.18,52.89
680,7559,Demora operativa,Baja,1056.17,6.76
681,7574,Demora operativa,Baja,955.84,19.84
682,7580,Pedido incompleto,Alta,3585.03,16.46
683,7586,Paquete dañado,Media,3647.71,6.52
684,7596,Demora operativa,Baja,1057.01,15.08
685,7601,Demora operativa,Media,1010.19,57.33
686,7602,Producto equivocado,Media,3706.24,76.2
687,7608,Pedido incompleto,Media,3850.46,42.97
688,7618,Dirección incorrecta,Media,2077.08,3.44
689,7630,Pedido incompleto,Baja,3988.72,29.33
690,7631,Pedido incompleto,Baja,3159.82,14.88
691,7642,Dirección incorrecta,Alta,1791.32,60.45
692,7644,Demora operativa,Baja,1101.84,11.57
693,7659,Demora operativa,Baja,928.08,1.69
694,7660,Demora operativa,Baja,806.03,15.52
695,7671,Demora operativa,Media,893.16,5.29
696,7674,Demora operativa,Media,844.1,74.86
697,7676,Pedido incompleto,Alta,3771.91,122.53
698,7684,Demora operativa,Alta,761.11,55.48
699,7701,Demora operativa,Media,808.82,55.59
700,7702,Demora operativa,Baja,825.85,9.0
701,7713,Pedido incompleto,Alta,3196.45,60.59
702,7719,Demora operativa,Baja,866.68,61.37
703,7727,Pedido incompleto,Baja,3048.08,31.03
704,7729,Dirección incorrecta,Baja,1885.55,6.49
705,7742,Producto equivocado,Media,3083.63,57.88
706,7760,Producto equivocado,Media,4095.32,24.64
707,7765,Dirección incorrecta,Alta,2156.93,98.9
708,7771,Demora operativa,Baja,927.1,6.47
709,7775,Paquete dañado,Baja,4615.66,8.59
710,7776,Demora operativa,Media,800.48,47.51
711,7793,Dirección incorrecta,Media,2209.35,96.33
712,7810,Pedido incompleto,Media,3638.19,25.49
713,7835,Demora operativa,Media,883.01,8.83
714,7837,Demora operativa,Baja,832.02,10.8
715,7839,Dirección incorrecta,Baja,2220.43,2.06
716,7850,Demora operativa,Baja,991.15,5.16
717,7856,Demora operativa,Baja,840.87,16.62
718,7870,Pedido incompleto,Alta,3395.54,21.45
719,7871,Pedido incompleto,Media,3466.13,52.56
720,7878,Pedido incompleto,Media,3376.47,25.31
721,7888,Demora operativa,Baja,891.59,27.17
722,7890,Dirección incorrecta,Baja,1787.06,20.71
723,7899,Paquete dañado,Baja,4805.22,10.59
724,7926,Producto equivocado,Baja,4243.51,3.67
725,7961,Paquete dañado,Alta,4101.81,43.1
726,7969,Demora operativa,Baja,965.32,22.79
727,7980,Demora operativa,Media,1034.39,14.94
728,7984,Demora operativa,Media,927.48,51.97
729,7989,Pedido incompleto,Media,2944.85,8.84
730,7993,Producto equivocado,Baja,4028.34,28.68
731,8005,Pedido incompleto,Media,3381.55,52.23
732,8013,Demora operativa,Alta,738.53,109.06
733,8016,Paquete dañado,Baja,4511.05,1.06
734,8019,Dirección incorrecta,Baja,1809.83,44.96
735,8020,Producto equivocado,Media,3952.77,37.2
736,8032,Demora operativa,Media,886.59,24.68
737,8035,Paquete dañado,Media,3861.76,34.84
738,8036,Producto equivocado,Media,4577.5,31.85
739,8043,Dirección incorrecta,Media,1687.91,49.11
740,8056,Pedido incompleto,Media,2800.55,60.53
741,8105,Pedido incompleto,Baja,3596.59,5.43
742,8111,Demora operativa,Media,859.73,7.73
743,8113,Paquete dañado,Media,4131.18,26.2
744,8114,Demora operativa,Baja,831.03,3.83
745,8116,Demora operativa,Media,954.98,14.68
746,8118,Demora operativa,Baja,902.56,39.8
747,8144,Producto equivocado,Media,3924.23,2.34
748,8159,Paquete dañado,Media,3952.15,26.22
749,8163,Pedido incompleto,Baja,3528.53,14.62
750,8172,Demora operativa,Baja,993.77,22.31
751,8174,Paquete dañado,Baja,4095.91,7.16
752,8190,Pedido incompleto,Media,3774.04,6.91
753,8221,Demora operativa,Alta,1038.75,22.85
754,8231,Pedido incompleto,Alta,3344.61,139.28
755,8251,Paquete dañado,Baja,3908.34,20.7
756,8255,Demora operativa,Media,970.65,10.25
757,8258,Demora operativa,Baja,970.88,4.11
758,8284,Paquete dañado,Media,4253.12,41.04
759,8287,Demora operativa,Baja,753.73,18.76
760,8289,Paquete dañado,Media,3875.59,27.39
761,8298,Dirección incorrecta,Media,1691.19,62.96
762,8306,Demora operativa,Baja,1013.58,13.18
763,8317,Demora operativa,Media,789.89,4.83
764,8324,Demora operativa,Baja,965.36,16.04
765,8364,Producto equivocado,Baja,4499.51,8.84
766,8373,Demora operativa,Baja,977.23,3.39
767,8385,Pedido incompleto,Media,3398.96,7.75
768,8398,Pedido incompleto,Media,3322.15,54.25
769,8443,Demora operativa,Media,897.75,8.87
770,8476,Dirección incorrecta,Media,1494.34,11.16
771,8485,Demora operativa,Baja,800.32,57.37
772,8499,Pedido incompleto,Media,3843.76,27.39
773,8516,Paquete dañado,Baja,5267.31,8.77
774,8543,Dirección incorrecta,Media,1843.87,48.52
775,8561,Dirección incorrecta,Alta,2059.17,54.74
776,8572,Paquete dañado,Media,4662.53,52.99
777,8576,Demora operativa,Media,971.6,58.13
778,8589,Pedido incompleto,Baja,3737.54,3.73
779,8594,Paquete dañado,Media,4275.16,31.86
780,8650,Demora operativa,Media,900.8,23.63
781,8660,Pedido incompleto,Baja,3239.25,80.17
782,8669,Demora operativa,Media,1011.68,15.29
783,8670,Demora operativa,Baja,735.76,6.82
784,8671,Demora operativa,Media,1034.44,55.24
785,8678,Demora operativa,Baja,1021.88,2.56
786,8688,Demora operativa,Media,977.01,20.3
787,8694,Demora operativa,Baja,858.32,10.54
788,8701,Demora operativa,Media,1090.24,61.34
789,8711,Dirección incorrecta,Media,2007.62,170.6
790,8716,Paquete dañado,Media,4057.02,18.09
791,8717,Producto equivocado,Baja,3487.73,19.97
792,8724,Demora operativa,Alta,786.34,30.6
793,8733,Demora operativa,Media,975.35,17.24
794,8743,Demora operativa,Media,1022.99,11.58
795,8778,Demora operativa,Baja,1069.86,2.21
796,8791,Demora operativa,Media,1002.6,2.42
797,8798,Dirección incorrecta,Media,1615.8,22.71
798,8834,Demora operativa,Media,769.9,16.19
799,8873,Paquete dañado,Media,3958.84,30.02
800,8911,Pedido incompleto,Baja,3604.18,7.93
801,8912,Dirección incorrecta,Alta,1469.98,5.27
802,8928,Demora operativa,Baja,794.3,2.78
803,8929,Demora operativa,Baja,1010.3,14.24
804,8939,Demora operativa,Baja,796.22,9.05
805,8948,Dirección incorrecta,Alta,1513.66,89.1
806,8963,Demora operativa,Media,727.76,21.98
807,8980,Demora operativa,Alta,829.71,35.37
808,8999,Paquete dañado,Media,5197.86,31.59
809,9015,Demora operativa,Baja,771.45,3.67
810,9022,Dirección incorrecta,Media,1915.56,32.49
811,9037,Paquete dañado,Media,4000.1,23.78
812,9039,Pedido incompleto,Baja,2599.29,6.5
813,9041,Demora operativa,Media,1064.71,22.45
814,9043,Demora operativa,Baja,950.52,1.33
815,9054,Pedido incompleto,Alta,3577.88,97.32
816,9067,Demora operativa,Alta,786.11,43.17
817,9069,Producto equivocado,Media,3616.07,3.89
818,9071,Demora operativa,Media,927.71,10.33
819,9073,Pedido incompleto,Baja,3332.94,19.06
820,9098,Paquete dañado,Baja,4109.68,21.78
821,9102,Demora operativa,Alta,938.97,88.51
822,9123,Demora operativa,Baja,880.54,8.38
823,9127,Producto equivocado,Baja,3951.06,4.8
824,9144,Demora operativa,Alta,1043.17,66.18
825,9149,Demora operativa,Baja,740.75,32.04
826,9164,Paquete dañado,Media,3719.47,13.88
827,9169,Demora operativa,Baja,1087.39,30.49
828,9181,Dirección incorrecta,Baja,2099.19,15.92
829,9194,Demora operativa,Alta,914.28,76.58
830,9210,Demora operativa,Media,1003.95,30.56
831,9224,Demora operativa,Alta,778.48,60.33
832,9237,Demora operativa,Baja,881.63,42.45
833,9258,Demora operativa,Baja,839.7,24.07
834,9268,Demora operativa,Baja,854.73,0.87
835,9279,Demora operativa,Baja,1100.02,12.43
836,9280,Pedido incompleto,Media,3099.13,63.06
837,9293,Demora operativa,Baja,1102.9,3.78
838,9308,Demora operativa,Media,809.38,54.09
839,9311,Demora operativa,Media,788.02,72.98
840,9336,Demora operativa,Alta,806.1,89.02
841,9343,Demora operativa,Baja,869.92,17.04
842,9362,Pedido incompleto,Media,3722.89,63.81
843,9367,Dirección incorrecta,Alta,1836.28,84.16
844,9375,Demora operativa,Alta,1120.03,47.37
845,9384,Pedido incompleto,Baja,3764.75,6.04
846,9401,Demora operativa,Media,963.74,10.77
847,9407,Pedido incompleto,Media,3194.96,17.98
848,9423,Demora operativa,Baja,1122.2,15.22
849,9433,Demora operativa,Media,924.15,28.83
850,9443,Dirección incorrecta,Media,1714.88,33.09
851,9465,Pedido incompleto,Media,3050.73,28.86
852,9474,Paquete dañado,Media,4209.31,38.05
853,9483,Pedido incompleto,Baja,2923.57,28.4
854,9490,Demora operativa,Media,870.15,43.3
855,9491,Paquete dañado,Media,4039.23,37.29
856,9506,Dirección incorrecta,Baja,1680.11,22.54
857,9509,Demora operativa,Baja,783.91,20.88
858,9529,Paquete dañado,Baja,4535.41,25.03
859,9539,Dirección incorrecta,Media,1730.71,7.73
860,9553,Demora operativa,Baja,824.93,28.26
861,9557,Demora operativa,Media,820.82,3.81
862,9624,Paquete dañado,Baja,5529.91,17.96
863,9639,Pedido incompleto,Media,3380.41,10.22
864,9646,Pedido incompleto,Baja,3763.61,21.06
865,9648,Paquete dañado,Baja,4254.89,21.94
866,9656,Dirección incorrecta,Baja,1656.55,5.94
867,9658,Demora operativa,Baja,755.68,27.59
868,9667,Demora operativa,Baja,805.56,26.1
869,9676,Demora operativa,Alta,809.21,23.91
870,9681,Pedido incompleto,Media,3560.1,12.25
871,9682,Paquete dañado,Baja,4187.34,16.34
872,9690,Demora operativa,Baja,830.86,24.16
873,9713,Producto equivocado,Baja,3328.22,29.43
874,9749,Pedido incompleto,Media,3628.56,19.78
875,9753,Demora operativa,Baja,880.72,6.82
876,9794,Dirección incorrecta,Baja,1940.16,11.29
877,9819,Pedido incompleto,Baja,3882.1,21.17
878,9843,Producto equivocado,Baja,4440.1,11.43
879,9857,Pedido incompleto,Baja,3445.28,40.04
880,9868,Pedido incompleto,Media,3178.56,6.08
881,9897,Dirección incorrecta,Baja,1868.14,6.11
882,9910,Paquete dañado,Media,5449.53,5.04
883,9914,Demora operativa,Media,1071.82,71.48
884,9915,Dirección incorrecta,Media,1631.39,18.71
885,9919,Demora operativa,Media,1057.31,50.5
886,9920,Demora operativa,Media,1071.58,20.41
887,9950,Producto equivocado,Baja,3357.69,13.81
888,9952,Demora operativa,Baja,985.54,44.49
889,9992,Paquete dañado,Baja,5391.15,43.06
890,10006,Paquete dañado,Media,4438.34,31.27
891,10018,Dirección incorrecta,Alta,2045.28,102.01
892,10030,Demora operativa,Media,785.72,12.13
893,10042,Pedido incompleto,Media,2739.21,63.51
894,10050,Demora operativa,Baja,737.79,6.02
895,10053,Pedido incompleto,Baja,2734.67,4.68
896,10063,Dirección incorrecta,Baja,1601.19,10.98
897,10082,Demora operativa,Baja,882.4,6.67
898,10099,Pedido incompleto,Media,3069.58,51.35
899,10104,Pedido incompleto,Alta,3763.98,18.34
900,10121,Pedido incompleto,Media,3698.82,33.53
901,10128,Demora operativa,Media,1095.65,26.47
902,10134,Pedido incompleto,Media,3424.39,40.21
903,10150,Demora operativa,Baja,913.52,35.2
904,10154,Demora operativa,Baja,914.51,16.52
905,10159,Producto equivocado,Media,3898.14,19.51
906,10160,Paquete dañado,Baja,3606.26,9.26
907,10172,Pedido incompleto,Baja,3552.64,9.59
908,10183,Paquete dañado,Baja,4761.63,10.28
909,10215,Demora operativa,Baja,948.36,13.45
910,10216,Pedido incompleto,Media,2846.59,4.63
911,10228,Producto equivocado,Baja,3063.5,11.79
912,10238,Paquete dañado,Baja,4961.22,2.08
913,10241,Dirección incorrecta,Baja,1799.23,27.52
914,10247,Demora operativa,Media,1095.01,71.45
915,10259,Demora operativa,Baja,1081.27,34.14
916,10283,Demora operativa,Baja,1123.79,9.37
917,10292,Dirección incorrecta,Baja,2077.85,16.93
918,10295,Demora operativa,Baja,920.45,2.2
919,10297,Demora operativa,Media,871.85,24.29
920,10316,Pedido incompleto,Baja,3113.48,10.95
921,10326,Pedido incompleto,Baja,3238.78,4.73
922,10328,Demora operativa,Baja,999.83,15.21
923,10346,Pedido incompleto,Baja,2586.92,10.95
924,10364,Producto equivocado,Media,3891.58,21.36
925,10381,Paquete dañado,Baja,5391.69,8.12
926,10382,Demora operativa,Media,762.97,67.38
927,10390,Dirección incorrecta,Baja,1980.42,21.95
928,10394,Producto equivocado,Media,4313.19,40.64
929,10400,Demora operativa,Media,864.79,72.16
930,10407,Paquete dañado,Media,4102.38,43.36
931,10411,Pedido incompleto,Baja,3682.05,53.68
932,10427,Pedido incompleto,Alta,3390.93,41.32
933,10431,Demora operativa,Baja,786.07,15.43
934,10444,Pedido incompleto,Media,3674.39,32.43
935,10454,Demora operativa,Media,1120.97,13.64
936,10458,Paquete dañado,Media,3703.3,30.64
937,10467,Demora operativa,Media,1044.16,18.27
938,10478,Demora operativa,Baja,1033.32,18.08
939,10481,Demora operativa,Media,803.5,25.3
940,10489,Demora operativa,Media,1020.81,26.32
941,10491,Paquete dañado,Media,3922.5,18.73
942,10520,Demora operativa,Media,928.35,80.38
943,10526,Demora operativa,Media,816.18,19.69
944,10538,Demora operativa,Baja,1081.58,7.17
945,10546,Dirección incorrecta,Media,1738.51,31.54
946,10554,Dirección incorrecta,Media,1733.34,41.55
947,10560,Demora operativa,Baja,957.56,14.85
948,10578,Dirección incorrecta,Media,2108.51,26.64
949,10584,Demora operativa,Alta,1114.76,31.83
950,10594,Pedido incompleto,Baja,3714.78,15.76
951,10598,Demora operativa,Baja,1082.19,6.03
952,10603,Dirección incorrecta,Baja,1501.78,15.44
953,10606,Pedido incompleto,Baja,3652.62,47.11
