product_id,sku,category,brand,unit_price,unit_cost
1,UD-0001,Camperas,Motion,153693.9,83296.2
2,UD-0002,Buzos,Block,62272.75,30039.15
3,UD-0003,Zapatillas,Northline,90533.06,41943.3
4,UD-0004,Buzos,Northline,50872.8,29363.63
5,UD-0005,Buzos,UrbanDrop,51423.77,31362.86
6,UD-0006,Remeras,Aero,25392.88,11403.53
7,UD-0007,Zapatillas,Aero,95140.12,43722.8
8,UD-0008,Remeras,Northline,30732.19,18820.47
9,UD-0009,Zapatillas,Northline,103920.74,45431.97
10,UD-0010,Zapatillas,StreetLab,164554.29,101324.33
11,UD-0011,Remeras,Motion,32268.74,13904.03
12,UD-0012,Remeras,UrbanDrop,28143.42,16773.4
13,UD-0013,Accesorios,Motion,30242.0,14769.94
14,UD-0014,Remeras,Block,45018.82,27386.38
15,UD-0015,Pantalones,Block,75888.79,37202.17
16,UD-0016,Buzos,Aero,64078.99,35520.15
17,UD-0017,Pantalones,UrbanDrop,70893.33,31562.15
18,UD-0018,Zapatillas,Motion,143016.59,68082.0
19,UD-0019,Accesorios,Aero,33615.37,19396.04
20,UD-0020,Buzos,Block,81194.08,43069.43
21,UD-0021,Camperas,Northline,174789.21,105977.17
22,UD-0022,Remeras,UrbanDrop,45299.44,23168.98
23,UD-0023,Zapatillas,UrbanDrop,132251.78,78724.77
24,UD-0024,Pantalones,Motion,65240.84,33618.7
25,UD-0025,Zapatillas,StreetLab,137212.37,84530.66
26,UD-0026,Remeras,Motion,44100.7,27005.88
27,UD-0027,Zapatillas,Northline,86847.65,42775.59
28,UD-0028,Buzos,Northline,96230.26,57577.02
29,UD-0029,Accesorios,Aero,23539.88,13913.16
30,UD-0030,Remeras,UrbanDrop,36062.75,16950.55
31,UD-0031,Camperas,Aero,174897.85,95951.61
32,UD-0032,Buzos,Northline,60796.87,26982.24
33,UD-0033,Buzos,StreetLab,72427.94,42658.25
34,UD-0034,Accesorios,UrbanDrop,22610.12,10472.19
35,UD-0035,Accesorios,Northline,27461.01,12177.72
36,UD-0036,Camperas,StreetLab,112982.77,57173.98
37,UD-0037,Remeras,Motion,33599.8,18130.96
38,UD-0038,Buzos,Block,67654.05,40080.57
39,UD-0039,Zapatillas,Northline,165059.13,101528.87
40,UD-0040,Remeras,Block,48180.18,24740.69
41,UD-0041,Buzos,Aero,55703.13,24592.09
42,UD-0042,Camperas,Block,161883.82,92651.28
43,UD-0043,Accesorios,Northline,21116.26,11347.52
44,UD-0044,Remeras,Block,25897.44,13339.75
45,UD-0045,Zapatillas,UrbanDrop,94742.44,46306.42
46,UD-0046,Camperas,Northline,183224.77,96276.5
47,UD-0047,Zapatillas,StreetLab,160916.39,79548.88
48,UD-0048,Buzos,Block,59359.47,34062.38
49,UD-0049,Zapatillas,UrbanDrop,99204.45,52909.68
50,UD-0050,Remeras,Aero,30756.36,18349.28
51,UD-0051,Accesorios,Aero,29687.31,15831.45
52,UD-0052,Zapatillas,Block,131520.61,62507.78
53,UD-0053,Remeras,Aero,30318.81,17939.87
54,UD-0054,Remeras,StreetLab,42677.99,22869.92
55,UD-0055,Accesorios,Northline,25880.54,12145.73
56,UD-0056,Camperas,UrbanDrop,179361.9,98373.99
57,UD-0057,Zapatillas,Motion,138412.44,68924.71
58,UD-0058,Zapatillas,Block,120959.01,71418.68
59,UD-0059,Buzos,Aero,86893.93,44848.3
60,UD-0060,Remeras,Northline,44093.83,25046.35
61,UD-0061,Pantalones,Motion,59261.66,26558.22
62,UD-0062,Zapatillas,StreetLab,113305.39,57246.94
63,UD-0063,Zapatillas,Aero,160527.65,99016.0
64,UD-0064,Pantalones,Aero,53867.39,31437.41
65,UD-0065,Zapatillas,UrbanDrop,89738.31,41314.51
66,UD-0066,Camperas,StreetLab,137656.33,66457.06
67,UD-0067,Zapatillas,StreetLab,149855.82,73828.72
68,UD-0068,Zapatillas,Block,147516.11,81660.41
69,UD-0069,Accesorios,Motion,37152.93,21319.43
70,UD-0070,Remeras,UrbanDrop,37516.94,21475.07
71,UD-0071,Pantalones,Block,51092.77,26919.56
72,UD-0072,Zapatillas,UrbanDrop,133024.17,77693.55
73,UD-0073,Buzos,StreetLab,86361.88,44307.52
74,UD-0074,Pantalones,UrbanDrop,50803.78,23041.41
75,UD-0075,Remeras,UrbanDrop,29188.39,15681.29
76,UD-0076,Camperas,UrbanDrop,98295.1,60052.14
77,UD-0077,Buzos,Northline,77826.75,45191.57
78,UD-0078,Remeras,Northline,45683.56,24666.98
79,UD-0079,Buzos,Motion,81384.65,44997.01
80,UD-0080,Buzos,Motion,95770.25,58114.04
81,UD-0081,Zapatillas,StreetLab,91392.27,46736.65
82,UD-0082,Remeras,UrbanDrop,46059.33,22705.63
83,UD-0083,Remeras,StreetLab,44004.98,27092.81
84,UD-0084,Remeras,Northline,32458.98,19282.39
85,UD-0085,Pantalones,UrbanDrop,88564.29,43518.57
86,UD-0086,Buzos,Block,63702.72,33005.55
87,UD-0087,Accesorios,Northline,36594.35,18621.58
88,UD-0088,Remeras,Northline,45545.29,20874.69
89,UD-0089,Remeras,Northline,42701.89,26132.94
90,UD-0090,Camperas,UrbanDrop,147405.22,74707.82
91,UD-0091,Buzos,Motion,55944.13,33360.19
92,UD-0092,Buzos,Aero,74977.09,34937.65
93,UD-0093,Zapatillas,Block,114658.26,61238.46
94,UD-0094,Remeras,Block,43500.21,18903.13
95,UD-0095,Zapatillas,StreetLab,146443.83,84234.77
96,UD-0096,Accesorios,UrbanDrop,36988.12,19987.41
97,UD-0097,Remeras,Motion,25542.58,14019.35
98,UD-0098,Accesorios,Northline,35112.23,15443.31
99,UD-0099,Pantalones,Aero,87060.02,40926.68
100,UD-0100,Remeras,UrbanDrop,43432.84,19289.52
101,UD-0101,Buzos,UrbanDrop,56414.98,27355.27
102,UD-0102,Camperas,Motion,104441.97,57360.93
103,UD-0103,Accesorios,Aero,20545.22,11044.6
104,UD-0104,Zapatillas,Northline,136196.62,74405.37
105,UD-0105,Remeras,UrbanDrop,39745.44,21238.28
106,UD-0106,Remeras,Block,47997.71,23128.92
107,UD-0107,Zapatillas,Block,117925.02,56186.13
108,UD-0108,Buzos,Aero,65734.07,29977.45
109,UD-0109,Camperas,Northline,152836.26,90375.67
110,UD-0110,Remeras,Aero,44271.56,24222.35
111,UD-0111,Pantalones,UrbanDrop,86987.6,40487.26
112,UD-0112,Buzos,Block,87504.34,40573.12
113,UD-0113,Remeras,StreetLab,35056.17,20889.16
114,UD-0114,Zapatillas,Aero,136685.21,78063.5
115,UD-0115,Pantalones,StreetLab,83535.24,46385.93
116,UD-0116,Camperas,StreetLab,140913.32,71485.92
117,UD-0117,Pantalones,Motion,56095.86,26913.41
118,UD-0118,Zapatillas,Block,99842.1,61512.28
119,UD-0119,Zapatillas,Aero,86412.49,50246.75
120,UD-0120,Zapatillas,StreetLab,143284.45,69827.96
121,UD-0121,Buzos,UrbanDrop,55532.69,32821.89
122,UD-0122,Pantalones,Motion,57260.7,32878.93
123,UD-0123,Zapatillas,Northline,109991.81,53505.0
124,UD-0124,Camperas,Motion,147129.85,75189.98
125,UD-0125,Buzos,Northline,68785.63,32008.1
126,UD-0126,Pantalones,Block,75743.51,34167.89
127,UD-0127,Accesorios,Aero,21188.2,12020.59
128,UD-0128,Zapatillas,Aero,96215.98,46263.27
129,UD-0129,Accesorios,Northline,29385.43,17214.32
130,UD-0130,Zapatillas,UrbanDrop,113087.61,70019.96
131,UD-0131,Remeras,Northline,32033.29,14240.65
132,UD-0132,Camperas,Northline,103172.2,53636.82
133,UD-0133,Accesorios,Aero,36712.89,21381.29
134,UD-0134,Buzos,StreetLab,82362.02,47761.79
135,UD-0135,Buzos,UrbanDrop,56018.76,32177.15
136,UD-0136,Pantalones,Aero,49590.47,24612.2
137,UD-0137,Camperas,Motion,184061.14,95018.27
138,UD-0138,Zapatillas,Northline,140348.87,76215.61
139,UD-0139,Camperas,StreetLab,134395.34,82659.68
140,UD-0140,Buzos,UrbanDrop,82819.97,40766.8
141,UD-0141,Remeras,Block,42671.26,25833.07
142,UD-0142,Remeras,UrbanDrop,43217.13,20795.12
143,UD-0143,Buzos,UrbanDrop,72477.93,44785.86
144,UD-0144,Accesorios,Northline,28104.23,15663.9
145,UD-0145,Buzos,Northline,50909.5,26374.54
146,UD-0146,Accesorios,Block,37282.78,20376.69
147,UD-0147,Zapatillas,Block,134181.98,64646.32
148,UD-0148,Pantalones,Block,55515.3,26763.54
149,UD-0149,Camperas,Aero,179136.66,80893.7
150,UD-0150,Pantalones,Aero,86050.58,38866.43
151,UD-0151,Buzos,Northline,96100.31,47671.29
152,UD-0152,Buzos,Northline,90781.41,52194.09
153,UD-0153,Camperas,Block,186102.59,101521.67
154,UD-0154,Camperas,Aero,119001.54,53490.13
155,UD-0155,Zapatillas,StreetLab,153106.17,90627.36
156,UD-0156,Camperas,Aero,170531.82,92813.62
157,UD-0157,Remeras,Northline,30534.72,18704.43
158,UD-0158,Zapatillas,Aero,94196.25,52498.89
159,UD-0159,Camperas,Northline,184466.37,85460.17
160,UD-0160,Remeras,Block,32038.17,16660.45
161,UD-0161,Camperas,Block,174796.46,96699.94
162,UD-0162,Zapatillas,Block,86726.87,37758.3
163,UD-0163,Zapatillas,StreetLab,88065.16,38117.5
164,UD-0164,Buzos,StreetLab,71923.25,32695.34
165,UD-0165,Zapatillas,Northline,105306.2,50317.01
166,UD-0166,Pantalones,UrbanDrop,76394.19,39084.36
167,UD-0167,Zapatillas,Motion,131192.69,68563.1
168,UD-0168,Remeras,StreetLab,26989.92,12313.48
169,UD-0169,Zapatillas,Northline,99280.16,55392.81
170,UD-0170,Remeras,Aero,34163.94,18560.11
171,UD-0171,Camperas,Block,113737.32,55270.44
172,UD-0172,Zapatillas,Block,149144.01,64519.01
173,UD-0173,Pantalones,Block,64649.41,28753.03
174,UD-0174,Accesorios,Northline,21886.62,11040.09
175,UD-0175,Pantalones,Block,67578.31,31035.69
176,UD-0176,Camperas,StreetLab,105293.68,52814.86
177,UD-0177,Zapatillas,Aero,96611.83,53074.16
178,UD-0178,Zapatillas,Block,105377.1,56268.75
179,UD-0179,Accesorios,Northline,36044.07,17082.13
180,UD-0180,Pantalones,Aero,86465.88,42828.82
181,UD-0181,Pantalones,Block,82246.46,44961.34
182,UD-0182,Pantalones,UrbanDrop,61131.91,36285.61
183,UD-0183,Remeras,Block,31493.51,18049.26
184,UD-0184,Zapatillas,Motion,129893.13,69511.79
185,UD-0185,Camperas,StreetLab,161517.12,80570.5
186,UD-0186,Pantalones,Aero,89415.69,44650.6
187,UD-0187,Remeras,StreetLab,28239.28,16861.37
188,UD-0188,Accesorios,UrbanDrop,21070.92,9217.61
189,UD-0189,Remeras,UrbanDrop,41239.62,25474.4
190,UD-0190,Remeras,Motion,44424.42,24710.25
191,UD-0191,Camperas,StreetLab,172609.68,96560.64
192,UD-0192,Camperas,Aero,157651.1,68928.15
193,UD-0193,Buzos,UrbanDrop,94475.53,51493.94
194,UD-0194,Zapatillas,UrbanDrop,126871.58,66240.65
195,UD-0195,Zapatillas,Block,158774.13,71463.92
196,UD-0196,Pantalones,Motion,88319.14,42640.94
197,UD-0197,Remeras,Northline,44769.34,26823.99
198,UD-0198,Camperas,UrbanDrop,124799.49,66705.05
199,UD-0199,Accesorios,Aero,23786.07,12096.39
200,UD-0200,Camperas,Aero,146037.5,64812.85
201,UD-0201,Remeras,Block,35664.64,20174.88
202,UD-0202,Camperas,Aero,175408.27,98849.87
203,UD-0203,Remeras,Block,27510.73,15039.24
204,UD-0204,Zapatillas,UrbanDrop,106813.01,56285.11
205,UD-0205,Zapatillas,UrbanDrop,145942.48,74783.7
206,UD-0206,Remeras,UrbanDrop,27394.19,14867.42
207,UD-0207,Accesorios,UrbanDrop,26087.73,12374.59
208,UD-0208,Zapatillas,Northline,117062.71,71272.37
209,UD-0209,Zapatillas,Motion,135709.43,73537.0
210,UD-0210,Accesorios,Motion,23082.29,11290.16
211,UD-0211,Zapatillas,Northline,154559.88,79666.22
212,UD-0212,Camperas,UrbanDrop,137076.01,79926.29
213,UD-0213,Remeras,Aero,46383.2,21369.07
214,UD-0214,Zapatillas,Block,123455.3,59954.68
215,UD-0215,Accesorios,Motion,25242.74,14113.38
216,UD-0216,Zapatillas,StreetLab,97632.84,47834.52
217,UD-0217,Buzos,Block,50573.02,29361.45
218,UD-0218,Zapatillas,StreetLab,128546.87,58461.34
219,UD-0219,Zapatillas,StreetLab,94886.81,54551.41
220,UD-0220,Zapatillas,UrbanDrop,117424.84,52017.66
